ArrowHead,TARNet,1,0,0,0
ArrowHead,TARNet,1,1,2,2
ArrowHead,TARNet,1,2,0,0
ArrowHead,TARNet,1,3,0,2
ArrowHead,TARNet,1,4,2,1
ArrowHead,TARNet,1,5,0,0
ArrowHead,TARNet,1,6,2,2
ArrowHead,TARNet,1,7,0,0
ArrowHead,TARNet,1,8,2,2
ArrowHead,TARNet,1,9,2,2
ArrowHead,TARNet,1,10,0,0
ArrowHead,TARNet,1,11,2,2
ArrowHead,TARNet,1,12,1,0
ArrowHead,TARNet,1,13,0,0
ArrowHead,TARNet,1,14,2,1
ArrowHead,TARNet,1,15,1,2
ArrowHead,TARNet,1,16,1,0
ArrowHead,TARNet,1,17,1,1
ArrowHead,TARNet,1,18,2,1
ArrowHead,TARNet,1,19,0,0
ArrowHead,TARNet,1,20,2,1
ArrowHead,TARNet,1,21,2,1
ArrowHead,TARNet,2,0,2,1
ArrowHead,TARNet,2,1,0,0
ArrowHead,TARNet,2,2,2,0
ArrowHead,TARNet,2,3,0,0
ArrowHead,TARNet,2,4,1,1
ArrowHead,TARNet,2,5,2,2
ArrowHead,TARNet,2,6,0,1
ArrowHead,TARNet,2,7,2,2
ArrowHead,TARNet,2,8,2,2
ArrowHead,TARNet,2,9,0,0
ArrowHead,TARNet,2,10,1,1
ArrowHead,TARNet,2,11,2,2
ArrowHead,TARNet,2,12,0,0
ArrowHead,TARNet,2,13,2,2
ArrowHead,TARNet,2,14,2,2
ArrowHead,TARNet,2,15,0,1
ArrowHead,TARNet,2,16,0,1
ArrowHead,TARNet,2,17,1,1
ArrowHead,TARNet,2,18,1,0
ArrowHead,TARNet,2,19,2,0
ArrowHead,TARNet,2,20,1,0
ArrowHead,TARNet,3,0,2,1
ArrowHead,TARNet,3,1,2,2
ArrowHead,TARNet,3,2,0,0
ArrowHead,TARNet,3,3,0,0
ArrowHead,TARNet,3,4,0,0
ArrowHead,TARNet,3,5,1,1
ArrowHead,TARNet,3,6,2,2
ArrowHead,TARNet,3,7,1,2
ArrowHead,TARNet,3,8,2,2
ArrowHead,TARNet,3,9,1,1
ArrowHead,TARNet,3,10,1,0
ArrowHead,TARNet,3,11,0,0
ArrowHead,TARNet,3,12,0,1
ArrowHead,TARNet,3,13,2,2
ArrowHead,TARNet,3,14,1,1
ArrowHead,TARNet,3,15,2,2
ArrowHead,TARNet,3,16,1,1
ArrowHead,TARNet,3,17,0,0
ArrowHead,TARNet,3,18,2,1
ArrowHead,TARNet,3,19,0,0
ArrowHead,TARNet,3,20,0,0
ArrowHead,TARNet,4,0,0,0
ArrowHead,TARNet,4,1,0,1
ArrowHead,TARNet,4,2,2,2
ArrowHead,TARNet,4,3,0,1
ArrowHead,TARNet,4,4,1,0
ArrowHead,TARNet,4,5,1,1
ArrowHead,TARNet,4,6,2,1
ArrowHead,TARNet,4,7,0,0
ArrowHead,TARNet,4,8,1,2
ArrowHead,TARNet,4,9,1,1
ArrowHead,TARNet,4,10,0,0
ArrowHead,TARNet,4,11,1,1
ArrowHead,TARNet,4,12,1,0
ArrowHead,TARNet,4,13,2,2
ArrowHead,TARNet,4,14,2,2
ArrowHead,TARNet,4,15,0,0
ArrowHead,TARNet,4,16,1,1
ArrowHead,TARNet,4,17,0,2
ArrowHead,TARNet,4,18,2,2
ArrowHead,TARNet,4,19,0,0
ArrowHead,TARNet,4,20,0,0
ArrowHead,TARNet,5,0,0,0
ArrowHead,TARNet,5,1,2,2
ArrowHead,TARNet,5,2,2,0
ArrowHead,TARNet,5,3,2,2
ArrowHead,TARNet,5,4,0,0
ArrowHead,TARNet,5,5,1,1
ArrowHead,TARNet,5,6,0,0
ArrowHead,TARNet,5,7,0,2
ArrowHead,TARNet,5,8,0,1
ArrowHead,TARNet,5,9,1,2
ArrowHead,TARNet,5,10,0,0
ArrowHead,TARNet,5,11,2,2
ArrowHead,TARNet,5,12,1,1
ArrowHead,TARNet,5,13,2,2
ArrowHead,TARNet,5,14,1,0
ArrowHead,TARNet,5,15,1,1
ArrowHead,TARNet,5,16,2,1
ArrowHead,TARNet,5,17,0,1
ArrowHead,TARNet,5,18,1,0
ArrowHead,TARNet,5,19,0,0
ArrowHead,TARNet,5,20,1,1
ArrowHead,TARNet,6,0,0,0
ArrowHead,TARNet,6,1,1,1
ArrowHead,TARNet,6,2,2,2
ArrowHead,TARNet,6,3,0,1
ArrowHead,TARNet,6,4,0,2
ArrowHead,TARNet,6,5,0,0
ArrowHead,TARNet,6,6,2,2
ArrowHead,TARNet,6,7,0,1
ArrowHead,TARNet,6,8,2,1
ArrowHead,TARNet,6,9,2,1
ArrowHead,TARNet,6,10,0,0
ArrowHead,TARNet,6,11,2,2
ArrowHead,TARNet,6,12,0,0
ArrowHead,TARNet,6,13,0,0
ArrowHead,TARNet,6,14,0,2
ArrowHead,TARNet,6,15,2,0
ArrowHead,TARNet,6,16,1,1
ArrowHead,TARNet,6,17,1,2
ArrowHead,TARNet,6,18,1,1
ArrowHead,TARNet,6,19,0,0
ArrowHead,TARNet,6,20,0,0
ArrowHead,TARNet,7,0,0,0
ArrowHead,TARNet,7,1,2,2
ArrowHead,TARNet,7,2,0,1
ArrowHead,TARNet,7,3,0,0
ArrowHead,TARNet,7,4,0,0
ArrowHead,TARNet,7,5,1,1
ArrowHead,TARNet,7,6,0,0
ArrowHead,TARNet,7,7,2,2
ArrowHead,TARNet,7,8,0,0
ArrowHead,TARNet,7,9,0,0
ArrowHead,TARNet,7,10,2,2
ArrowHead,TARNet,7,11,1,2
ArrowHead,TARNet,7,12,2,2
ArrowHead,TARNet,7,13,1,1
ArrowHead,TARNet,7,14,2,2
ArrowHead,TARNet,7,15,0,1
ArrowHead,TARNet,7,16,1,1
ArrowHead,TARNet,7,17,2,2
ArrowHead,TARNet,7,18,0,0
ArrowHead,TARNet,7,19,1,1
ArrowHead,TARNet,7,20,0,0
ArrowHead,TARNet,8,0,0,0
ArrowHead,TARNet,8,1,1,1
ArrowHead,TARNet,8,2,1,1
ArrowHead,TARNet,8,3,1,2
ArrowHead,TARNet,8,4,2,2
ArrowHead,TARNet,8,5,2,2
ArrowHead,TARNet,8,6,0,0
ArrowHead,TARNet,8,7,2,0
ArrowHead,TARNet,8,8,1,0
ArrowHead,TARNet,8,9,2,1
ArrowHead,TARNet,8,10,0,1
ArrowHead,TARNet,8,11,1,0
ArrowHead,TARNet,8,12,2,2
ArrowHead,TARNet,8,13,0,1
ArrowHead,TARNet,8,14,0,0
ArrowHead,TARNet,8,15,1,1
ArrowHead,TARNet,8,16,2,2
ArrowHead,TARNet,8,17,0,0
ArrowHead,TARNet,8,18,1,0
ArrowHead,TARNet,8,19,1,2
ArrowHead,TARNet,8,20,1,2
ArrowHead,TARNet,9,0,0,0
ArrowHead,TARNet,9,1,2,2
ArrowHead,TARNet,9,2,1,2
ArrowHead,TARNet,9,3,1,2
ArrowHead,TARNet,9,4,0,0
ArrowHead,TARNet,9,5,1,0
ArrowHead,TARNet,9,6,2,2
ArrowHead,TARNet,9,7,1,0
ArrowHead,TARNet,9,8,2,2
ArrowHead,TARNet,9,9,1,1
ArrowHead,TARNet,9,10,1,1
ArrowHead,TARNet,9,11,0,0
ArrowHead,TARNet,9,12,1,1
ArrowHead,TARNet,9,13,2,2
ArrowHead,TARNet,9,14,0,0
ArrowHead,TARNet,9,15,1,1
ArrowHead,TARNet,9,16,1,1
ArrowHead,TARNet,9,17,1,1
ArrowHead,TARNet,9,18,0,2
ArrowHead,TARNet,9,19,1,0
ArrowHead,TARNet,9,20,0,0
ArrowHead,TARNet,10,0,1,0
ArrowHead,TARNet,10,1,0,0
ArrowHead,TARNet,10,2,2,2
ArrowHead,TARNet,10,3,0,0
ArrowHead,TARNet,10,4,0,0
ArrowHead,TARNet,10,5,2,1
ArrowHead,TARNet,10,6,2,2
ArrowHead,TARNet,10,7,0,0
ArrowHead,TARNet,10,8,2,1
ArrowHead,TARNet,10,9,2,1
ArrowHead,TARNet,10,10,0,0
ArrowHead,TARNet,10,11,2,1
ArrowHead,TARNet,10,12,1,1
ArrowHead,TARNet,10,13,0,0
ArrowHead,TARNet,10,14,1,0
ArrowHead,TARNet,10,15,2,2
ArrowHead,TARNet,10,16,2,2
ArrowHead,TARNet,10,17,2,2
ArrowHead,TARNet,10,18,1,2
ArrowHead,TARNet,10,19,1,1
ArrowHead,TARNet,10,20,2,2
Chinatown,TARNet,1,0,1,1
Chinatown,TARNet,1,1,1,1
Chinatown,TARNet,1,2,0,0
Chinatown,TARNet,1,3,0,0
Chinatown,TARNet,1,4,1,1
Chinatown,TARNet,1,5,1,1
Chinatown,TARNet,1,6,1,1
Chinatown,TARNet,1,7,1,1
Chinatown,TARNet,1,8,0,0
Chinatown,TARNet,1,9,1,1
Chinatown,TARNet,1,10,0,0
Chinatown,TARNet,1,11,1,1
Chinatown,TARNet,1,12,1,1
Chinatown,TARNet,1,13,1,1
Chinatown,TARNet,1,14,1,0
Chinatown,TARNet,1,15,0,0
Chinatown,TARNet,1,16,0,1
Chinatown,TARNet,1,17,1,1
Chinatown,TARNet,1,18,1,1
Chinatown,TARNet,1,19,1,1
Chinatown,TARNet,1,20,0,0
Chinatown,TARNet,1,21,1,1
Chinatown,TARNet,1,22,0,0
Chinatown,TARNet,1,23,1,1
Chinatown,TARNet,1,24,1,1
Chinatown,TARNet,1,25,1,1
Chinatown,TARNet,1,26,1,1
Chinatown,TARNet,1,27,0,1
Chinatown,TARNet,1,28,1,0
Chinatown,TARNet,1,29,0,0
Chinatown,TARNet,1,30,1,1
Chinatown,TARNet,1,31,1,1
Chinatown,TARNet,1,32,1,1
Chinatown,TARNet,1,33,1,1
Chinatown,TARNet,1,34,0,0
Chinatown,TARNet,1,35,1,1
Chinatown,TARNet,1,36,1,1
Chinatown,TARNet,2,0,1,1
Chinatown,TARNet,2,1,0,0
Chinatown,TARNet,2,2,1,1
Chinatown,TARNet,2,3,1,1
Chinatown,TARNet,2,4,0,0
Chinatown,TARNet,2,5,1,1
Chinatown,TARNet,2,6,1,1
Chinatown,TARNet,2,7,1,1
Chinatown,TARNet,2,8,0,0
Chinatown,TARNet,2,9,1,1
Chinatown,TARNet,2,10,1,1
Chinatown,TARNet,2,11,1,1
Chinatown,TARNet,2,12,1,1
Chinatown,TARNet,2,13,1,1
Chinatown,TARNet,2,14,0,0
Chinatown,TARNet,2,15,1,1
Chinatown,TARNet,2,16,0,0
Chinatown,TARNet,2,17,1,1
Chinatown,TARNet,2,18,1,1
Chinatown,TARNet,2,19,1,1
Chinatown,TARNet,2,20,0,0
Chinatown,TARNet,2,21,1,1
Chinatown,TARNet,2,22,1,1
Chinatown,TARNet,2,23,1,1
Chinatown,TARNet,2,24,0,0
Chinatown,TARNet,2,25,0,0
Chinatown,TARNet,2,26,1,1
Chinatown,TARNet,2,27,1,1
Chinatown,TARNet,2,28,0,0
Chinatown,TARNet,2,29,1,1
Chinatown,TARNet,2,30,1,1
Chinatown,TARNet,2,31,1,1
Chinatown,TARNet,2,32,1,0
Chinatown,TARNet,2,33,1,1
Chinatown,TARNet,2,34,1,0
Chinatown,TARNet,2,35,1,1
Chinatown,TARNet,2,36,1,1
Chinatown,TARNet,3,0,1,1
Chinatown,TARNet,3,1,1,1
Chinatown,TARNet,3,2,1,1
Chinatown,TARNet,3,3,1,0
Chinatown,TARNet,3,4,0,0
Chinatown,TARNet,3,5,1,1
Chinatown,TARNet,3,6,1,1
Chinatown,TARNet,3,7,0,0
Chinatown,TARNet,3,8,0,0
Chinatown,TARNet,3,9,1,1
Chinatown,TARNet,3,10,1,1
Chinatown,TARNet,3,11,1,1
Chinatown,TARNet,3,12,1,1
Chinatown,TARNet,3,13,1,1
Chinatown,TARNet,3,14,1,1
Chinatown,TARNet,3,15,1,1
Chinatown,TARNet,3,16,1,1
Chinatown,TARNet,3,17,1,1
Chinatown,TARNet,3,18,0,0
Chinatown,TARNet,3,19,0,0
Chinatown,TARNet,3,20,1,1
Chinatown,TARNet,3,21,0,0
Chinatown,TARNet,3,22,0,0
Chinatown,TARNet,3,23,1,1
Chinatown,TARNet,3,24,0,0
Chinatown,TARNet,3,25,0,1
Chinatown,TARNet,3,26,1,1
Chinatown,TARNet,3,27,1,1
Chinatown,TARNet,3,28,1,1
Chinatown,TARNet,3,29,0,0
Chinatown,TARNet,3,30,1,1
Chinatown,TARNet,3,31,0,0
Chinatown,TARNet,3,32,1,1
Chinatown,TARNet,3,33,1,1
Chinatown,TARNet,3,34,1,1
Chinatown,TARNet,3,35,1,1
Chinatown,TARNet,3,36,1,1
Chinatown,TARNet,4,0,0,0
Chinatown,TARNet,4,1,1,1
Chinatown,TARNet,4,2,0,0
Chinatown,TARNet,4,3,1,1
Chinatown,TARNet,4,4,1,1
Chinatown,TARNet,4,5,1,1
Chinatown,TARNet,4,6,1,1
Chinatown,TARNet,4,7,0,0
Chinatown,TARNet,4,8,1,1
Chinatown,TARNet,4,9,1,1
Chinatown,TARNet,4,10,1,1
Chinatown,TARNet,4,11,1,1
Chinatown,TARNet,4,12,1,1
Chinatown,TARNet,4,13,1,1
Chinatown,TARNet,4,14,0,0
Chinatown,TARNet,4,15,1,1
Chinatown,TARNet,4,16,0,0
Chinatown,TARNet,4,17,1,1
Chinatown,TARNet,4,18,1,1
Chinatown,TARNet,4,19,0,0
Chinatown,TARNet,4,20,0,0
Chinatown,TARNet,4,21,0,0
Chinatown,TARNet,4,22,1,1
Chinatown,TARNet,4,23,0,0
Chinatown,TARNet,4,24,1,1
Chinatown,TARNet,4,25,1,1
Chinatown,TARNet,4,26,1,1
Chinatown,TARNet,4,27,1,1
Chinatown,TARNet,4,28,0,0
Chinatown,TARNet,4,29,1,1
Chinatown,TARNet,4,30,0,0
Chinatown,TARNet,4,31,1,1
Chinatown,TARNet,4,32,1,1
Chinatown,TARNet,4,33,1,1
Chinatown,TARNet,4,34,1,1
Chinatown,TARNet,4,35,1,1
Chinatown,TARNet,5,0,1,1
Chinatown,TARNet,5,1,1,1
Chinatown,TARNet,5,2,1,1
Chinatown,TARNet,5,3,1,1
Chinatown,TARNet,5,4,1,1
Chinatown,TARNet,5,5,0,0
Chinatown,TARNet,5,6,0,0
Chinatown,TARNet,5,7,1,1
Chinatown,TARNet,5,8,1,1
Chinatown,TARNet,5,9,0,0
Chinatown,TARNet,5,10,0,0
Chinatown,TARNet,5,11,1,1
Chinatown,TARNet,5,12,1,1
Chinatown,TARNet,5,13,1,1
Chinatown,TARNet,5,14,1,0
Chinatown,TARNet,5,15,1,1
Chinatown,TARNet,5,16,1,1
Chinatown,TARNet,5,17,1,1
Chinatown,TARNet,5,18,1,1
Chinatown,TARNet,5,19,0,0
Chinatown,TARNet,5,20,0,0
Chinatown,TARNet,5,21,1,1
Chinatown,TARNet,5,22,1,1
Chinatown,TARNet,5,23,1,1
Chinatown,TARNet,5,24,1,1
Chinatown,TARNet,5,25,0,0
Chinatown,TARNet,5,26,1,1
Chinatown,TARNet,5,27,1,1
Chinatown,TARNet,5,28,1,1
Chinatown,TARNet,5,29,1,1
Chinatown,TARNet,5,30,1,1
Chinatown,TARNet,5,31,1,1
Chinatown,TARNet,5,32,0,0
Chinatown,TARNet,5,33,1,1
Chinatown,TARNet,5,34,1,1
Chinatown,TARNet,5,35,0,0
Chinatown,TARNet,6,0,1,1
Chinatown,TARNet,6,1,1,1
Chinatown,TARNet,6,2,1,1
Chinatown,TARNet,6,3,1,1
Chinatown,TARNet,6,4,1,0
Chinatown,TARNet,6,5,1,1
Chinatown,TARNet,6,6,0,0
Chinatown,TARNet,6,7,0,0
Chinatown,TARNet,6,8,0,0
Chinatown,TARNet,6,9,1,1
Chinatown,TARNet,6,10,1,1
Chinatown,TARNet,6,11,0,0
Chinatown,TARNet,6,12,1,1
Chinatown,TARNet,6,13,1,1
Chinatown,TARNet,6,14,1,1
Chinatown,TARNet,6,15,1,1
Chinatown,TARNet,6,16,1,1
Chinatown,TARNet,6,17,1,1
Chinatown,TARNet,6,18,1,1
Chinatown,TARNet,6,19,1,1
Chinatown,TARNet,6,20,0,0
Chinatown,TARNet,6,21,1,1
Chinatown,TARNet,6,22,1,1
Chinatown,TARNet,6,23,1,1
Chinatown,TARNet,6,24,0,0
Chinatown,TARNet,6,25,1,1
Chinatown,TARNet,6,26,1,1
Chinatown,TARNet,6,27,1,1
Chinatown,TARNet,6,28,1,1
Chinatown,TARNet,6,29,0,0
Chinatown,TARNet,6,30,0,0
Chinatown,TARNet,6,31,0,0
Chinatown,TARNet,6,32,1,1
Chinatown,TARNet,6,33,1,1
Chinatown,TARNet,6,34,1,1
Chinatown,TARNet,6,35,1,1
Chinatown,TARNet,7,0,1,1
Chinatown,TARNet,7,1,1,1
Chinatown,TARNet,7,2,0,0
Chinatown,TARNet,7,3,0,0
Chinatown,TARNet,7,4,0,0
Chinatown,TARNet,7,5,1,1
Chinatown,TARNet,7,6,1,1
Chinatown,TARNet,7,7,1,1
Chinatown,TARNet,7,8,1,1
Chinatown,TARNet,7,9,1,1
Chinatown,TARNet,7,10,1,1
Chinatown,TARNet,7,11,1,1
Chinatown,TARNet,7,12,1,1
Chinatown,TARNet,7,13,1,1
Chinatown,TARNet,7,14,1,1
Chinatown,TARNet,7,15,1,1
Chinatown,TARNet,7,16,1,1
Chinatown,TARNet,7,17,0,0
Chinatown,TARNet,7,18,1,1
Chinatown,TARNet,7,19,1,1
Chinatown,TARNet,7,20,1,1
Chinatown,TARNet,7,21,0,0
Chinatown,TARNet,7,22,1,1
Chinatown,TARNet,7,23,0,0
Chinatown,TARNet,7,24,1,1
Chinatown,TARNet,7,25,1,1
Chinatown,TARNet,7,26,1,1
Chinatown,TARNet,7,27,1,1
Chinatown,TARNet,7,28,0,0
Chinatown,TARNet,7,29,1,1
Chinatown,TARNet,7,30,0,0
Chinatown,TARNet,7,31,1,1
Chinatown,TARNet,7,32,1,1
Chinatown,TARNet,7,33,0,0
Chinatown,TARNet,7,34,0,0
Chinatown,TARNet,7,35,1,1
Chinatown,TARNet,8,0,0,0
Chinatown,TARNet,8,1,1,1
Chinatown,TARNet,8,2,1,1
Chinatown,TARNet,8,3,0,0
Chinatown,TARNet,8,4,0,1
Chinatown,TARNet,8,5,1,1
Chinatown,TARNet,8,6,0,0
Chinatown,TARNet,8,7,1,1
Chinatown,TARNet,8,8,1,1
Chinatown,TARNet,8,9,1,0
Chinatown,TARNet,8,10,0,0
Chinatown,TARNet,8,11,1,1
Chinatown,TARNet,8,12,0,0
Chinatown,TARNet,8,13,1,1
Chinatown,TARNet,8,14,1,1
Chinatown,TARNet,8,15,1,1
Chinatown,TARNet,8,16,1,1
Chinatown,TARNet,8,17,1,0
Chinatown,TARNet,8,18,1,1
Chinatown,TARNet,8,19,1,1
Chinatown,TARNet,8,20,1,1
Chinatown,TARNet,8,21,0,0
Chinatown,TARNet,8,22,1,1
Chinatown,TARNet,8,23,1,0
Chinatown,TARNet,8,24,1,1
Chinatown,TARNet,8,25,1,1
Chinatown,TARNet,8,26,1,1
Chinatown,TARNet,8,27,1,1
Chinatown,TARNet,8,28,0,0
Chinatown,TARNet,8,29,1,1
Chinatown,TARNet,8,30,1,1
Chinatown,TARNet,8,31,1,1
Chinatown,TARNet,8,32,1,1
Chinatown,TARNet,8,33,1,1
Chinatown,TARNet,8,34,1,1
Chinatown,TARNet,8,35,1,1
Chinatown,TARNet,9,0,1,1
Chinatown,TARNet,9,1,1,1
Chinatown,TARNet,9,2,1,1
Chinatown,TARNet,9,3,0,0
Chinatown,TARNet,9,4,1,1
Chinatown,TARNet,9,5,1,1
Chinatown,TARNet,9,6,0,0
Chinatown,TARNet,9,7,0,1
Chinatown,TARNet,9,8,1,1
Chinatown,TARNet,9,9,0,0
Chinatown,TARNet,9,10,1,1
Chinatown,TARNet,9,11,1,1
Chinatown,TARNet,9,12,0,0
Chinatown,TARNet,9,13,1,1
Chinatown,TARNet,9,14,1,1
Chinatown,TARNet,9,15,0,0
Chinatown,TARNet,9,16,0,1
Chinatown,TARNet,9,17,1,0
Chinatown,TARNet,9,18,1,1
Chinatown,TARNet,9,19,0,0
Chinatown,TARNet,9,20,1,1
Chinatown,TARNet,9,21,0,1
Chinatown,TARNet,9,22,0,0
Chinatown,TARNet,9,23,1,1
Chinatown,TARNet,9,24,1,1
Chinatown,TARNet,9,25,0,1
Chinatown,TARNet,9,26,1,1
Chinatown,TARNet,9,27,0,0
Chinatown,TARNet,9,28,1,1
Chinatown,TARNet,9,29,0,1
Chinatown,TARNet,9,30,1,1
Chinatown,TARNet,9,31,1,1
Chinatown,TARNet,9,32,1,1
Chinatown,TARNet,9,33,0,0
Chinatown,TARNet,9,34,1,1
Chinatown,TARNet,9,35,1,1
Chinatown,TARNet,10,0,1,1
Chinatown,TARNet,10,1,1,1
Chinatown,TARNet,10,2,0,0
Chinatown,TARNet,10,3,1,1
Chinatown,TARNet,10,4,1,1
Chinatown,TARNet,10,5,1,1
Chinatown,TARNet,10,6,0,0
Chinatown,TARNet,10,7,0,0
Chinatown,TARNet,10,8,0,0
Chinatown,TARNet,10,9,1,1
Chinatown,TARNet,10,10,1,1
Chinatown,TARNet,10,11,0,0
Chinatown,TARNet,10,12,1,1
Chinatown,TARNet,10,13,0,0
Chinatown,TARNet,10,14,1,1
Chinatown,TARNet,10,15,1,1
Chinatown,TARNet,10,16,1,1
Chinatown,TARNet,10,17,1,1
Chinatown,TARNet,10,18,1,1
Chinatown,TARNet,10,19,1,1
Chinatown,TARNet,10,20,0,0
Chinatown,TARNet,10,21,1,1
Chinatown,TARNet,10,22,1,1
Chinatown,TARNet,10,23,1,1
Chinatown,TARNet,10,24,1,1
Chinatown,TARNet,10,25,1,1
Chinatown,TARNet,10,26,1,1
Chinatown,TARNet,10,27,1,1
Chinatown,TARNet,10,28,0,0
Chinatown,TARNet,10,29,1,1
Chinatown,TARNet,10,30,1,1
Chinatown,TARNet,10,31,1,1
Chinatown,TARNet,10,32,0,0
Chinatown,TARNet,10,33,1,1
Chinatown,TARNet,10,34,1,1
Chinatown,TARNet,10,35,0,0
ItalyPowerDemand,TARNet,1,0,0,0
ItalyPowerDemand,TARNet,1,1,1,1
ItalyPowerDemand,TARNet,1,2,1,1
ItalyPowerDemand,TARNet,1,3,0,0
ItalyPowerDemand,TARNet,1,4,1,1
ItalyPowerDemand,TARNet,1,5,1,1
ItalyPowerDemand,TARNet,1,6,1,1
ItalyPowerDemand,TARNet,1,7,0,0
ItalyPowerDemand,TARNet,1,8,1,1
ItalyPowerDemand,TARNet,1,9,0,0
ItalyPowerDemand,TARNet,1,10,0,0
ItalyPowerDemand,TARNet,1,11,0,0
ItalyPowerDemand,TARNet,1,12,0,0
ItalyPowerDemand,TARNet,1,13,1,1
ItalyPowerDemand,TARNet,1,14,0,0
ItalyPowerDemand,TARNet,1,15,0,1
ItalyPowerDemand,TARNet,1,16,0,0
ItalyPowerDemand,TARNet,1,17,0,0
ItalyPowerDemand,TARNet,1,18,1,1
ItalyPowerDemand,TARNet,1,19,1,1
ItalyPowerDemand,TARNet,1,20,1,1
ItalyPowerDemand,TARNet,1,21,0,0
ItalyPowerDemand,TARNet,1,22,1,0
ItalyPowerDemand,TARNet,1,23,0,0
ItalyPowerDemand,TARNet,1,24,1,1
ItalyPowerDemand,TARNet,1,25,0,0
ItalyPowerDemand,TARNet,1,26,1,1
ItalyPowerDemand,TARNet,1,27,1,1
ItalyPowerDemand,TARNet,1,28,1,1
ItalyPowerDemand,TARNet,1,29,0,0
ItalyPowerDemand,TARNet,1,30,1,1
ItalyPowerDemand,TARNet,1,31,0,0
ItalyPowerDemand,TARNet,1,32,0,0
ItalyPowerDemand,TARNet,1,33,0,0
ItalyPowerDemand,TARNet,1,34,1,1
ItalyPowerDemand,TARNet,1,35,1,1
ItalyPowerDemand,TARNet,1,36,0,0
ItalyPowerDemand,TARNet,1,37,0,0
ItalyPowerDemand,TARNet,1,38,0,1
ItalyPowerDemand,TARNet,1,39,1,1
ItalyPowerDemand,TARNet,1,40,1,1
ItalyPowerDemand,TARNet,1,41,0,0
ItalyPowerDemand,TARNet,1,42,0,0
ItalyPowerDemand,TARNet,1,43,0,0
ItalyPowerDemand,TARNet,1,44,0,0
ItalyPowerDemand,TARNet,1,45,1,1
ItalyPowerDemand,TARNet,1,46,1,1
ItalyPowerDemand,TARNet,1,47,0,1
ItalyPowerDemand,TARNet,1,48,1,1
ItalyPowerDemand,TARNet,1,49,1,1
ItalyPowerDemand,TARNet,1,50,1,1
ItalyPowerDemand,TARNet,1,51,0,0
ItalyPowerDemand,TARNet,1,52,0,0
ItalyPowerDemand,TARNet,1,53,1,1
ItalyPowerDemand,TARNet,1,54,1,1
ItalyPowerDemand,TARNet,1,55,0,0
ItalyPowerDemand,TARNet,1,56,1,1
ItalyPowerDemand,TARNet,1,57,0,0
ItalyPowerDemand,TARNet,1,58,1,1
ItalyPowerDemand,TARNet,1,59,1,1
ItalyPowerDemand,TARNet,1,60,0,0
ItalyPowerDemand,TARNet,1,61,1,1
ItalyPowerDemand,TARNet,1,62,0,0
ItalyPowerDemand,TARNet,1,63,0,0
ItalyPowerDemand,TARNet,1,64,0,0
ItalyPowerDemand,TARNet,1,65,0,0
ItalyPowerDemand,TARNet,1,66,1,1
ItalyPowerDemand,TARNet,1,67,0,0
ItalyPowerDemand,TARNet,1,68,1,1
ItalyPowerDemand,TARNet,1,69,0,0
ItalyPowerDemand,TARNet,1,70,1,1
ItalyPowerDemand,TARNet,1,71,1,1
ItalyPowerDemand,TARNet,1,72,0,0
ItalyPowerDemand,TARNet,1,73,0,1
ItalyPowerDemand,TARNet,1,74,1,1
ItalyPowerDemand,TARNet,1,75,0,0
ItalyPowerDemand,TARNet,1,76,0,0
ItalyPowerDemand,TARNet,1,77,1,1
ItalyPowerDemand,TARNet,1,78,1,1
ItalyPowerDemand,TARNet,1,79,0,0
ItalyPowerDemand,TARNet,1,80,1,1
ItalyPowerDemand,TARNet,1,81,0,0
ItalyPowerDemand,TARNet,1,82,1,0
ItalyPowerDemand,TARNet,1,83,1,1
ItalyPowerDemand,TARNet,1,84,1,0
ItalyPowerDemand,TARNet,1,85,1,1
ItalyPowerDemand,TARNet,1,86,1,1
ItalyPowerDemand,TARNet,1,87,1,1
ItalyPowerDemand,TARNet,1,88,0,0
ItalyPowerDemand,TARNet,1,89,0,0
ItalyPowerDemand,TARNet,1,90,0,0
ItalyPowerDemand,TARNet,1,91,1,0
ItalyPowerDemand,TARNet,1,92,0,0
ItalyPowerDemand,TARNet,1,93,1,1
ItalyPowerDemand,TARNet,1,94,0,0
ItalyPowerDemand,TARNet,1,95,0,1
ItalyPowerDemand,TARNet,1,96,0,0
ItalyPowerDemand,TARNet,1,97,0,0
ItalyPowerDemand,TARNet,1,98,0,0
ItalyPowerDemand,TARNet,1,99,1,1
ItalyPowerDemand,TARNet,1,100,1,1
ItalyPowerDemand,TARNet,1,101,0,0
ItalyPowerDemand,TARNet,1,102,0,0
ItalyPowerDemand,TARNet,1,103,1,1
ItalyPowerDemand,TARNet,1,104,0,0
ItalyPowerDemand,TARNet,1,105,0,0
ItalyPowerDemand,TARNet,1,106,1,1
ItalyPowerDemand,TARNet,1,107,0,1
ItalyPowerDemand,TARNet,1,108,1,1
ItalyPowerDemand,TARNet,1,109,0,1
ItalyPowerDemand,TARNet,2,0,1,1
ItalyPowerDemand,TARNet,2,1,1,1
ItalyPowerDemand,TARNet,2,2,0,0
ItalyPowerDemand,TARNet,2,3,0,0
ItalyPowerDemand,TARNet,2,4,0,0
ItalyPowerDemand,TARNet,2,5,1,1
ItalyPowerDemand,TARNet,2,6,0,0
ItalyPowerDemand,TARNet,2,7,0,0
ItalyPowerDemand,TARNet,2,8,1,1
ItalyPowerDemand,TARNet,2,9,0,0
ItalyPowerDemand,TARNet,2,10,1,1
ItalyPowerDemand,TARNet,2,11,1,0
ItalyPowerDemand,TARNet,2,12,1,1
ItalyPowerDemand,TARNet,2,13,1,1
ItalyPowerDemand,TARNet,2,14,0,0
ItalyPowerDemand,TARNet,2,15,1,1
ItalyPowerDemand,TARNet,2,16,0,0
ItalyPowerDemand,TARNet,2,17,0,0
ItalyPowerDemand,TARNet,2,18,1,1
ItalyPowerDemand,TARNet,2,19,0,0
ItalyPowerDemand,TARNet,2,20,0,0
ItalyPowerDemand,TARNet,2,21,0,0
ItalyPowerDemand,TARNet,2,22,1,1
ItalyPowerDemand,TARNet,2,23,1,1
ItalyPowerDemand,TARNet,2,24,0,0
ItalyPowerDemand,TARNet,2,25,1,0
ItalyPowerDemand,TARNet,2,26,1,1
ItalyPowerDemand,TARNet,2,27,1,1
ItalyPowerDemand,TARNet,2,28,1,1
ItalyPowerDemand,TARNet,2,29,1,0
ItalyPowerDemand,TARNet,2,30,1,1
ItalyPowerDemand,TARNet,2,31,1,0
ItalyPowerDemand,TARNet,2,32,0,0
ItalyPowerDemand,TARNet,2,33,0,0
ItalyPowerDemand,TARNet,2,34,0,0
ItalyPowerDemand,TARNet,2,35,1,1
ItalyPowerDemand,TARNet,2,36,1,1
ItalyPowerDemand,TARNet,2,37,0,0
ItalyPowerDemand,TARNet,2,38,0,0
ItalyPowerDemand,TARNet,2,39,0,0
ItalyPowerDemand,TARNet,2,40,1,1
ItalyPowerDemand,TARNet,2,41,1,1
ItalyPowerDemand,TARNet,2,42,1,1
ItalyPowerDemand,TARNet,2,43,1,1
ItalyPowerDemand,TARNet,2,44,1,1
ItalyPowerDemand,TARNet,2,45,0,0
ItalyPowerDemand,TARNet,2,46,1,0
ItalyPowerDemand,TARNet,2,47,1,1
ItalyPowerDemand,TARNet,2,48,1,0
ItalyPowerDemand,TARNet,2,49,1,1
ItalyPowerDemand,TARNet,2,50,1,1
ItalyPowerDemand,TARNet,2,51,1,1
ItalyPowerDemand,TARNet,2,52,0,0
ItalyPowerDemand,TARNet,2,53,1,1
ItalyPowerDemand,TARNet,2,54,0,0
ItalyPowerDemand,TARNet,2,55,1,1
ItalyPowerDemand,TARNet,2,56,1,1
ItalyPowerDemand,TARNet,2,57,1,1
ItalyPowerDemand,TARNet,2,58,0,0
ItalyPowerDemand,TARNet,2,59,1,1
ItalyPowerDemand,TARNet,2,60,1,0
ItalyPowerDemand,TARNet,2,61,1,1
ItalyPowerDemand,TARNet,2,62,1,1
ItalyPowerDemand,TARNet,2,63,1,1
ItalyPowerDemand,TARNet,2,64,1,1
ItalyPowerDemand,TARNet,2,65,0,0
ItalyPowerDemand,TARNet,2,66,1,1
ItalyPowerDemand,TARNet,2,67,0,0
ItalyPowerDemand,TARNet,2,68,1,1
ItalyPowerDemand,TARNet,2,69,0,0
ItalyPowerDemand,TARNet,2,70,0,0
ItalyPowerDemand,TARNet,2,71,1,1
ItalyPowerDemand,TARNet,2,72,1,1
ItalyPowerDemand,TARNet,2,73,1,1
ItalyPowerDemand,TARNet,2,74,0,0
ItalyPowerDemand,TARNet,2,75,0,0
ItalyPowerDemand,TARNet,2,76,1,1
ItalyPowerDemand,TARNet,2,77,1,1
ItalyPowerDemand,TARNet,2,78,1,1
ItalyPowerDemand,TARNet,2,79,0,0
ItalyPowerDemand,TARNet,2,80,0,1
ItalyPowerDemand,TARNet,2,81,1,1
ItalyPowerDemand,TARNet,2,82,1,1
ItalyPowerDemand,TARNet,2,83,1,1
ItalyPowerDemand,TARNet,2,84,1,1
ItalyPowerDemand,TARNet,2,85,0,0
ItalyPowerDemand,TARNet,2,86,0,0
ItalyPowerDemand,TARNet,2,87,1,1
ItalyPowerDemand,TARNet,2,88,1,1
ItalyPowerDemand,TARNet,2,89,1,1
ItalyPowerDemand,TARNet,2,90,1,1
ItalyPowerDemand,TARNet,2,91,0,0
ItalyPowerDemand,TARNet,2,92,0,0
ItalyPowerDemand,TARNet,2,93,0,0
ItalyPowerDemand,TARNet,2,94,0,0
ItalyPowerDemand,TARNet,2,95,0,0
ItalyPowerDemand,TARNet,2,96,1,1
ItalyPowerDemand,TARNet,2,97,1,0
ItalyPowerDemand,TARNet,2,98,0,0
ItalyPowerDemand,TARNet,2,99,1,1
ItalyPowerDemand,TARNet,2,100,0,0
ItalyPowerDemand,TARNet,2,101,1,1
ItalyPowerDemand,TARNet,2,102,0,0
ItalyPowerDemand,TARNet,2,103,1,0
ItalyPowerDemand,TARNet,2,104,0,0
ItalyPowerDemand,TARNet,2,105,0,0
ItalyPowerDemand,TARNet,2,106,1,0
ItalyPowerDemand,TARNet,2,107,0,0
ItalyPowerDemand,TARNet,2,108,0,0
ItalyPowerDemand,TARNet,2,109,0,0
ItalyPowerDemand,TARNet,3,0,1,1
ItalyPowerDemand,TARNet,3,1,1,0
ItalyPowerDemand,TARNet,3,2,0,0
ItalyPowerDemand,TARNet,3,3,0,0
ItalyPowerDemand,TARNet,3,4,0,0
ItalyPowerDemand,TARNet,3,5,1,1
ItalyPowerDemand,TARNet,3,6,0,0
ItalyPowerDemand,TARNet,3,7,0,1
ItalyPowerDemand,TARNet,3,8,0,0
ItalyPowerDemand,TARNet,3,9,0,0
ItalyPowerDemand,TARNet,3,10,0,0
ItalyPowerDemand,TARNet,3,11,1,1
ItalyPowerDemand,TARNet,3,12,1,1
ItalyPowerDemand,TARNet,3,13,0,0
ItalyPowerDemand,TARNet,3,14,0,0
ItalyPowerDemand,TARNet,3,15,1,1
ItalyPowerDemand,TARNet,3,16,0,0
ItalyPowerDemand,TARNet,3,17,0,0
ItalyPowerDemand,TARNet,3,18,1,1
ItalyPowerDemand,TARNet,3,19,0,0
ItalyPowerDemand,TARNet,3,20,0,0
ItalyPowerDemand,TARNet,3,21,1,1
ItalyPowerDemand,TARNet,3,22,1,1
ItalyPowerDemand,TARNet,3,23,1,1
ItalyPowerDemand,TARNet,3,24,0,1
ItalyPowerDemand,TARNet,3,25,1,1
ItalyPowerDemand,TARNet,3,26,0,0
ItalyPowerDemand,TARNet,3,27,0,0
ItalyPowerDemand,TARNet,3,28,1,1
ItalyPowerDemand,TARNet,3,29,0,0
ItalyPowerDemand,TARNet,3,30,1,1
ItalyPowerDemand,TARNet,3,31,0,0
ItalyPowerDemand,TARNet,3,32,1,1
ItalyPowerDemand,TARNet,3,33,1,1
ItalyPowerDemand,TARNet,3,34,1,1
ItalyPowerDemand,TARNet,3,35,0,0
ItalyPowerDemand,TARNet,3,36,0,0
ItalyPowerDemand,TARNet,3,37,0,0
ItalyPowerDemand,TARNet,3,38,1,1
ItalyPowerDemand,TARNet,3,39,0,0
ItalyPowerDemand,TARNet,3,40,0,0
ItalyPowerDemand,TARNet,3,41,1,1
ItalyPowerDemand,TARNet,3,42,0,0
ItalyPowerDemand,TARNet,3,43,1,1
ItalyPowerDemand,TARNet,3,44,0,0
ItalyPowerDemand,TARNet,3,45,0,0
ItalyPowerDemand,TARNet,3,46,0,0
ItalyPowerDemand,TARNet,3,47,0,0
ItalyPowerDemand,TARNet,3,48,0,0
ItalyPowerDemand,TARNet,3,49,0,0
ItalyPowerDemand,TARNet,3,50,1,1
ItalyPowerDemand,TARNet,3,51,0,0
ItalyPowerDemand,TARNet,3,52,1,1
ItalyPowerDemand,TARNet,3,53,1,1
ItalyPowerDemand,TARNet,3,54,1,1
ItalyPowerDemand,TARNet,3,55,0,0
ItalyPowerDemand,TARNet,3,56,0,0
ItalyPowerDemand,TARNet,3,57,0,0
ItalyPowerDemand,TARNet,3,58,0,0
ItalyPowerDemand,TARNet,3,59,1,1
ItalyPowerDemand,TARNet,3,60,1,1
ItalyPowerDemand,TARNet,3,61,1,1
ItalyPowerDemand,TARNet,3,62,1,1
ItalyPowerDemand,TARNet,3,63,0,0
ItalyPowerDemand,TARNet,3,64,1,1
ItalyPowerDemand,TARNet,3,65,1,1
ItalyPowerDemand,TARNet,3,66,0,0
ItalyPowerDemand,TARNet,3,67,1,1
ItalyPowerDemand,TARNet,3,68,1,1
ItalyPowerDemand,TARNet,3,69,0,0
ItalyPowerDemand,TARNet,3,70,0,0
ItalyPowerDemand,TARNet,3,71,0,0
ItalyPowerDemand,TARNet,3,72,0,1
ItalyPowerDemand,TARNet,3,73,1,1
ItalyPowerDemand,TARNet,3,74,1,1
ItalyPowerDemand,TARNet,3,75,0,0
ItalyPowerDemand,TARNet,3,76,1,1
ItalyPowerDemand,TARNet,3,77,1,1
ItalyPowerDemand,TARNet,3,78,0,1
ItalyPowerDemand,TARNet,3,79,0,0
ItalyPowerDemand,TARNet,3,80,1,1
ItalyPowerDemand,TARNet,3,81,1,0
ItalyPowerDemand,TARNet,3,82,1,1
ItalyPowerDemand,TARNet,3,83,1,1
ItalyPowerDemand,TARNet,3,84,0,0
ItalyPowerDemand,TARNet,3,85,0,0
ItalyPowerDemand,TARNet,3,86,1,1
ItalyPowerDemand,TARNet,3,87,0,0
ItalyPowerDemand,TARNet,3,88,0,0
ItalyPowerDemand,TARNet,3,89,0,0
ItalyPowerDemand,TARNet,3,90,1,1
ItalyPowerDemand,TARNet,3,91,1,1
ItalyPowerDemand,TARNet,3,92,1,1
ItalyPowerDemand,TARNet,3,93,1,1
ItalyPowerDemand,TARNet,3,94,1,1
ItalyPowerDemand,TARNet,3,95,0,1
ItalyPowerDemand,TARNet,3,96,0,1
ItalyPowerDemand,TARNet,3,97,1,1
ItalyPowerDemand,TARNet,3,98,0,0
ItalyPowerDemand,TARNet,3,99,1,1
ItalyPowerDemand,TARNet,3,100,1,1
ItalyPowerDemand,TARNet,3,101,0,0
ItalyPowerDemand,TARNet,3,102,1,1
ItalyPowerDemand,TARNet,3,103,0,0
ItalyPowerDemand,TARNet,3,104,0,0
ItalyPowerDemand,TARNet,3,105,1,1
ItalyPowerDemand,TARNet,3,106,0,0
ItalyPowerDemand,TARNet,3,107,1,1
ItalyPowerDemand,TARNet,3,108,0,0
ItalyPowerDemand,TARNet,3,109,0,0
ItalyPowerDemand,TARNet,4,0,0,0
ItalyPowerDemand,TARNet,4,1,1,1
ItalyPowerDemand,TARNet,4,2,1,1
ItalyPowerDemand,TARNet,4,3,1,0
ItalyPowerDemand,TARNet,4,4,0,0
ItalyPowerDemand,TARNet,4,5,0,0
ItalyPowerDemand,TARNet,4,6,0,0
ItalyPowerDemand,TARNet,4,7,1,1
ItalyPowerDemand,TARNet,4,8,0,0
ItalyPowerDemand,TARNet,4,9,0,0
ItalyPowerDemand,TARNet,4,10,1,1
ItalyPowerDemand,TARNet,4,11,0,0
ItalyPowerDemand,TARNet,4,12,1,1
ItalyPowerDemand,TARNet,4,13,0,0
ItalyPowerDemand,TARNet,4,14,1,0
ItalyPowerDemand,TARNet,4,15,1,1
ItalyPowerDemand,TARNet,4,16,1,1
ItalyPowerDemand,TARNet,4,17,1,1
ItalyPowerDemand,TARNet,4,18,0,0
ItalyPowerDemand,TARNet,4,19,1,1
ItalyPowerDemand,TARNet,4,20,1,1
ItalyPowerDemand,TARNet,4,21,0,0
ItalyPowerDemand,TARNet,4,22,1,1
ItalyPowerDemand,TARNet,4,23,1,0
ItalyPowerDemand,TARNet,4,24,1,1
ItalyPowerDemand,TARNet,4,25,1,1
ItalyPowerDemand,TARNet,4,26,1,1
ItalyPowerDemand,TARNet,4,27,0,0
ItalyPowerDemand,TARNet,4,28,1,0
ItalyPowerDemand,TARNet,4,29,1,1
ItalyPowerDemand,TARNet,4,30,1,1
ItalyPowerDemand,TARNet,4,31,1,1
ItalyPowerDemand,TARNet,4,32,1,1
ItalyPowerDemand,TARNet,4,33,1,1
ItalyPowerDemand,TARNet,4,34,0,0
ItalyPowerDemand,TARNet,4,35,0,0
ItalyPowerDemand,TARNet,4,36,1,1
ItalyPowerDemand,TARNet,4,37,1,1
ItalyPowerDemand,TARNet,4,38,0,0
ItalyPowerDemand,TARNet,4,39,1,1
ItalyPowerDemand,TARNet,4,40,0,0
ItalyPowerDemand,TARNet,4,41,0,0
ItalyPowerDemand,TARNet,4,42,1,1
ItalyPowerDemand,TARNet,4,43,1,1
ItalyPowerDemand,TARNet,4,44,1,1
ItalyPowerDemand,TARNet,4,45,0,0
ItalyPowerDemand,TARNet,4,46,0,0
ItalyPowerDemand,TARNet,4,47,0,1
ItalyPowerDemand,TARNet,4,48,0,1
ItalyPowerDemand,TARNet,4,49,0,0
ItalyPowerDemand,TARNet,4,50,1,0
ItalyPowerDemand,TARNet,4,51,0,0
ItalyPowerDemand,TARNet,4,52,1,1
ItalyPowerDemand,TARNet,4,53,1,1
ItalyPowerDemand,TARNet,4,54,1,0
ItalyPowerDemand,TARNet,4,55,1,1
ItalyPowerDemand,TARNet,4,56,1,1
ItalyPowerDemand,TARNet,4,57,0,0
ItalyPowerDemand,TARNet,4,58,0,0
ItalyPowerDemand,TARNet,4,59,0,0
ItalyPowerDemand,TARNet,4,60,1,1
ItalyPowerDemand,TARNet,4,61,1,1
ItalyPowerDemand,TARNet,4,62,1,1
ItalyPowerDemand,TARNet,4,63,1,1
ItalyPowerDemand,TARNet,4,64,1,0
ItalyPowerDemand,TARNet,4,65,0,0
ItalyPowerDemand,TARNet,4,66,0,0
ItalyPowerDemand,TARNet,4,67,1,1
ItalyPowerDemand,TARNet,4,68,0,0
ItalyPowerDemand,TARNet,4,69,1,1
ItalyPowerDemand,TARNet,4,70,1,1
ItalyPowerDemand,TARNet,4,71,0,0
ItalyPowerDemand,TARNet,4,72,0,0
ItalyPowerDemand,TARNet,4,73,0,0
ItalyPowerDemand,TARNet,4,74,0,1
ItalyPowerDemand,TARNet,4,75,0,0
ItalyPowerDemand,TARNet,4,76,1,1
ItalyPowerDemand,TARNet,4,77,1,1
ItalyPowerDemand,TARNet,4,78,1,1
ItalyPowerDemand,TARNet,4,79,1,1
ItalyPowerDemand,TARNet,4,80,1,1
ItalyPowerDemand,TARNet,4,81,0,0
ItalyPowerDemand,TARNet,4,82,1,1
ItalyPowerDemand,TARNet,4,83,1,0
ItalyPowerDemand,TARNet,4,84,1,1
ItalyPowerDemand,TARNet,4,85,0,0
ItalyPowerDemand,TARNet,4,86,1,0
ItalyPowerDemand,TARNet,4,87,0,0
ItalyPowerDemand,TARNet,4,88,1,1
ItalyPowerDemand,TARNet,4,89,0,0
ItalyPowerDemand,TARNet,4,90,1,1
ItalyPowerDemand,TARNet,4,91,1,0
ItalyPowerDemand,TARNet,4,92,1,1
ItalyPowerDemand,TARNet,4,93,0,0
ItalyPowerDemand,TARNet,4,94,0,0
ItalyPowerDemand,TARNet,4,95,1,0
ItalyPowerDemand,TARNet,4,96,0,0
ItalyPowerDemand,TARNet,4,97,1,1
ItalyPowerDemand,TARNet,4,98,0,0
ItalyPowerDemand,TARNet,4,99,0,0
ItalyPowerDemand,TARNet,4,100,1,1
ItalyPowerDemand,TARNet,4,101,0,0
ItalyPowerDemand,TARNet,4,102,0,0
ItalyPowerDemand,TARNet,4,103,0,0
ItalyPowerDemand,TARNet,4,104,1,1
ItalyPowerDemand,TARNet,4,105,1,1
ItalyPowerDemand,TARNet,4,106,0,0
ItalyPowerDemand,TARNet,4,107,1,1
ItalyPowerDemand,TARNet,4,108,0,0
ItalyPowerDemand,TARNet,4,109,1,1
ItalyPowerDemand,TARNet,5,0,1,1
ItalyPowerDemand,TARNet,5,1,0,0
ItalyPowerDemand,TARNet,5,2,1,1
ItalyPowerDemand,TARNet,5,3,1,1
ItalyPowerDemand,TARNet,5,4,0,0
ItalyPowerDemand,TARNet,5,5,1,1
ItalyPowerDemand,TARNet,5,6,1,1
ItalyPowerDemand,TARNet,5,7,0,0
ItalyPowerDemand,TARNet,5,8,1,0
ItalyPowerDemand,TARNet,5,9,0,0
ItalyPowerDemand,TARNet,5,10,0,1
ItalyPowerDemand,TARNet,5,11,1,1
ItalyPowerDemand,TARNet,5,12,0,0
ItalyPowerDemand,TARNet,5,13,0,0
ItalyPowerDemand,TARNet,5,14,1,1
ItalyPowerDemand,TARNet,5,15,1,0
ItalyPowerDemand,TARNet,5,16,1,1
ItalyPowerDemand,TARNet,5,17,0,1
ItalyPowerDemand,TARNet,5,18,0,0
ItalyPowerDemand,TARNet,5,19,1,1
ItalyPowerDemand,TARNet,5,20,1,1
ItalyPowerDemand,TARNet,5,21,1,1
ItalyPowerDemand,TARNet,5,22,1,1
ItalyPowerDemand,TARNet,5,23,1,1
ItalyPowerDemand,TARNet,5,24,1,1
ItalyPowerDemand,TARNet,5,25,0,0
ItalyPowerDemand,TARNet,5,26,0,0
ItalyPowerDemand,TARNet,5,27,0,0
ItalyPowerDemand,TARNet,5,28,1,1
ItalyPowerDemand,TARNet,5,29,1,1
ItalyPowerDemand,TARNet,5,30,1,1
ItalyPowerDemand,TARNet,5,31,0,0
ItalyPowerDemand,TARNet,5,32,0,0
ItalyPowerDemand,TARNet,5,33,1,1
ItalyPowerDemand,TARNet,5,34,1,1
ItalyPowerDemand,TARNet,5,35,0,0
ItalyPowerDemand,TARNet,5,36,1,0
ItalyPowerDemand,TARNet,5,37,1,1
ItalyPowerDemand,TARNet,5,38,0,0
ItalyPowerDemand,TARNet,5,39,1,1
ItalyPowerDemand,TARNet,5,40,1,0
ItalyPowerDemand,TARNet,5,41,0,0
ItalyPowerDemand,TARNet,5,42,1,1
ItalyPowerDemand,TARNet,5,43,1,1
ItalyPowerDemand,TARNet,5,44,1,1
ItalyPowerDemand,TARNet,5,45,0,0
ItalyPowerDemand,TARNet,5,46,1,1
ItalyPowerDemand,TARNet,5,47,1,1
ItalyPowerDemand,TARNet,5,48,1,1
ItalyPowerDemand,TARNet,5,49,0,1
ItalyPowerDemand,TARNet,5,50,1,1
ItalyPowerDemand,TARNet,5,51,1,1
ItalyPowerDemand,TARNet,5,52,0,0
ItalyPowerDemand,TARNet,5,53,1,0
ItalyPowerDemand,TARNet,5,54,1,1
ItalyPowerDemand,TARNet,5,55,1,1
ItalyPowerDemand,TARNet,5,56,0,0
ItalyPowerDemand,TARNet,5,57,0,0
ItalyPowerDemand,TARNet,5,58,1,1
ItalyPowerDemand,TARNet,5,59,1,1
ItalyPowerDemand,TARNet,5,60,0,0
ItalyPowerDemand,TARNet,5,61,0,0
ItalyPowerDemand,TARNet,5,62,1,0
ItalyPowerDemand,TARNet,5,63,0,0
ItalyPowerDemand,TARNet,5,64,0,0
ItalyPowerDemand,TARNet,5,65,1,0
ItalyPowerDemand,TARNet,5,66,0,0
ItalyPowerDemand,TARNet,5,67,1,1
ItalyPowerDemand,TARNet,5,68,1,1
ItalyPowerDemand,TARNet,5,69,0,0
ItalyPowerDemand,TARNet,5,70,1,1
ItalyPowerDemand,TARNet,5,71,0,0
ItalyPowerDemand,TARNet,5,72,0,0
ItalyPowerDemand,TARNet,5,73,0,0
ItalyPowerDemand,TARNet,5,74,0,0
ItalyPowerDemand,TARNet,5,75,0,0
ItalyPowerDemand,TARNet,5,76,1,1
ItalyPowerDemand,TARNet,5,77,0,0
ItalyPowerDemand,TARNet,5,78,1,1
ItalyPowerDemand,TARNet,5,79,0,0
ItalyPowerDemand,TARNet,5,80,1,1
ItalyPowerDemand,TARNet,5,81,0,0
ItalyPowerDemand,TARNet,5,82,0,0
ItalyPowerDemand,TARNet,5,83,1,1
ItalyPowerDemand,TARNet,5,84,0,0
ItalyPowerDemand,TARNet,5,85,0,0
ItalyPowerDemand,TARNet,5,86,1,1
ItalyPowerDemand,TARNet,5,87,0,0
ItalyPowerDemand,TARNet,5,88,0,0
ItalyPowerDemand,TARNet,5,89,1,1
ItalyPowerDemand,TARNet,5,90,1,1
ItalyPowerDemand,TARNet,5,91,0,0
ItalyPowerDemand,TARNet,5,92,1,1
ItalyPowerDemand,TARNet,5,93,0,0
ItalyPowerDemand,TARNet,5,94,0,0
ItalyPowerDemand,TARNet,5,95,0,0
ItalyPowerDemand,TARNet,5,96,1,1
ItalyPowerDemand,TARNet,5,97,1,1
ItalyPowerDemand,TARNet,5,98,0,0
ItalyPowerDemand,TARNet,5,99,1,1
ItalyPowerDemand,TARNet,5,100,1,1
ItalyPowerDemand,TARNet,5,101,1,1
ItalyPowerDemand,TARNet,5,102,1,0
ItalyPowerDemand,TARNet,5,103,1,1
ItalyPowerDemand,TARNet,5,104,1,1
ItalyPowerDemand,TARNet,5,105,0,0
ItalyPowerDemand,TARNet,5,106,0,0
ItalyPowerDemand,TARNet,5,107,0,0
ItalyPowerDemand,TARNet,5,108,0,0
ItalyPowerDemand,TARNet,5,109,1,1
ItalyPowerDemand,TARNet,6,0,0,0
ItalyPowerDemand,TARNet,6,1,0,0
ItalyPowerDemand,TARNet,6,2,0,0
ItalyPowerDemand,TARNet,6,3,0,1
ItalyPowerDemand,TARNet,6,4,1,1
ItalyPowerDemand,TARNet,6,5,0,0
ItalyPowerDemand,TARNet,6,6,1,1
ItalyPowerDemand,TARNet,6,7,0,0
ItalyPowerDemand,TARNet,6,8,1,1
ItalyPowerDemand,TARNet,6,9,1,1
ItalyPowerDemand,TARNet,6,10,1,1
ItalyPowerDemand,TARNet,6,11,0,0
ItalyPowerDemand,TARNet,6,12,1,1
ItalyPowerDemand,TARNet,6,13,0,0
ItalyPowerDemand,TARNet,6,14,0,0
ItalyPowerDemand,TARNet,6,15,0,0
ItalyPowerDemand,TARNet,6,16,1,1
ItalyPowerDemand,TARNet,6,17,1,1
ItalyPowerDemand,TARNet,6,18,1,1
ItalyPowerDemand,TARNet,6,19,1,1
ItalyPowerDemand,TARNet,6,20,1,1
ItalyPowerDemand,TARNet,6,21,0,0
ItalyPowerDemand,TARNet,6,22,0,0
ItalyPowerDemand,TARNet,6,23,1,1
ItalyPowerDemand,TARNet,6,24,1,1
ItalyPowerDemand,TARNet,6,25,1,1
ItalyPowerDemand,TARNet,6,26,1,1
ItalyPowerDemand,TARNet,6,27,1,1
ItalyPowerDemand,TARNet,6,28,0,0
ItalyPowerDemand,TARNet,6,29,1,1
ItalyPowerDemand,TARNet,6,30,0,0
ItalyPowerDemand,TARNet,6,31,1,1
ItalyPowerDemand,TARNet,6,32,0,0
ItalyPowerDemand,TARNet,6,33,0,0
ItalyPowerDemand,TARNet,6,34,0,0
ItalyPowerDemand,TARNet,6,35,0,0
ItalyPowerDemand,TARNet,6,36,1,1
ItalyPowerDemand,TARNet,6,37,1,1
ItalyPowerDemand,TARNet,6,38,1,1
ItalyPowerDemand,TARNet,6,39,1,1
ItalyPowerDemand,TARNet,6,40,0,0
ItalyPowerDemand,TARNet,6,41,0,0
ItalyPowerDemand,TARNet,6,42,0,0
ItalyPowerDemand,TARNet,6,43,1,1
ItalyPowerDemand,TARNet,6,44,0,0
ItalyPowerDemand,TARNet,6,45,1,1
ItalyPowerDemand,TARNet,6,46,1,1
ItalyPowerDemand,TARNet,6,47,1,1
ItalyPowerDemand,TARNet,6,48,1,1
ItalyPowerDemand,TARNet,6,49,0,0
ItalyPowerDemand,TARNet,6,50,1,0
ItalyPowerDemand,TARNet,6,51,0,0
ItalyPowerDemand,TARNet,6,52,1,0
ItalyPowerDemand,TARNet,6,53,0,0
ItalyPowerDemand,TARNet,6,54,1,0
ItalyPowerDemand,TARNet,6,55,1,1
ItalyPowerDemand,TARNet,6,56,1,1
ItalyPowerDemand,TARNet,6,57,0,0
ItalyPowerDemand,TARNet,6,58,0,0
ItalyPowerDemand,TARNet,6,59,1,1
ItalyPowerDemand,TARNet,6,60,0,0
ItalyPowerDemand,TARNet,6,61,1,1
ItalyPowerDemand,TARNet,6,62,0,0
ItalyPowerDemand,TARNet,6,63,1,1
ItalyPowerDemand,TARNet,6,64,1,1
ItalyPowerDemand,TARNet,6,65,1,0
ItalyPowerDemand,TARNet,6,66,0,0
ItalyPowerDemand,TARNet,6,67,0,0
ItalyPowerDemand,TARNet,6,68,0,0
ItalyPowerDemand,TARNet,6,69,0,0
ItalyPowerDemand,TARNet,6,70,0,0
ItalyPowerDemand,TARNet,6,71,0,0
ItalyPowerDemand,TARNet,6,72,0,0
ItalyPowerDemand,TARNet,6,73,1,1
ItalyPowerDemand,TARNet,6,74,1,1
ItalyPowerDemand,TARNet,6,75,1,1
ItalyPowerDemand,TARNet,6,76,1,1
ItalyPowerDemand,TARNet,6,77,0,0
ItalyPowerDemand,TARNet,6,78,0,0
ItalyPowerDemand,TARNet,6,79,1,1
ItalyPowerDemand,TARNet,6,80,1,1
ItalyPowerDemand,TARNet,6,81,0,0
ItalyPowerDemand,TARNet,6,82,1,1
ItalyPowerDemand,TARNet,6,83,0,0
ItalyPowerDemand,TARNet,6,84,0,0
ItalyPowerDemand,TARNet,6,85,1,1
ItalyPowerDemand,TARNet,6,86,1,1
ItalyPowerDemand,TARNet,6,87,1,1
ItalyPowerDemand,TARNet,6,88,1,1
ItalyPowerDemand,TARNet,6,89,0,0
ItalyPowerDemand,TARNet,6,90,0,0
ItalyPowerDemand,TARNet,6,91,1,1
ItalyPowerDemand,TARNet,6,92,1,1
ItalyPowerDemand,TARNet,6,93,0,0
ItalyPowerDemand,TARNet,6,94,0,0
ItalyPowerDemand,TARNet,6,95,0,0
ItalyPowerDemand,TARNet,6,96,1,1
ItalyPowerDemand,TARNet,6,97,0,0
ItalyPowerDemand,TARNet,6,98,0,0
ItalyPowerDemand,TARNet,6,99,0,0
ItalyPowerDemand,TARNet,6,100,0,0
ItalyPowerDemand,TARNet,6,101,0,1
ItalyPowerDemand,TARNet,6,102,1,1
ItalyPowerDemand,TARNet,6,103,1,1
ItalyPowerDemand,TARNet,6,104,0,0
ItalyPowerDemand,TARNet,6,105,1,1
ItalyPowerDemand,TARNet,6,106,1,1
ItalyPowerDemand,TARNet,6,107,1,1
ItalyPowerDemand,TARNet,6,108,1,0
ItalyPowerDemand,TARNet,6,109,1,1
ItalyPowerDemand,TARNet,7,0,1,1
ItalyPowerDemand,TARNet,7,1,1,1
ItalyPowerDemand,TARNet,7,2,0,1
ItalyPowerDemand,TARNet,7,3,0,0
ItalyPowerDemand,TARNet,7,4,0,0
ItalyPowerDemand,TARNet,7,5,0,0
ItalyPowerDemand,TARNet,7,6,1,1
ItalyPowerDemand,TARNet,7,7,0,0
ItalyPowerDemand,TARNet,7,8,0,0
ItalyPowerDemand,TARNet,7,9,0,0
ItalyPowerDemand,TARNet,7,10,1,1
ItalyPowerDemand,TARNet,7,11,1,1
ItalyPowerDemand,TARNet,7,12,1,1
ItalyPowerDemand,TARNet,7,13,0,0
ItalyPowerDemand,TARNet,7,14,1,1
ItalyPowerDemand,TARNet,7,15,0,0
ItalyPowerDemand,TARNet,7,16,1,1
ItalyPowerDemand,TARNet,7,17,0,0
ItalyPowerDemand,TARNet,7,18,0,0
ItalyPowerDemand,TARNet,7,19,0,0
ItalyPowerDemand,TARNet,7,20,1,1
ItalyPowerDemand,TARNet,7,21,1,1
ItalyPowerDemand,TARNet,7,22,1,0
ItalyPowerDemand,TARNet,7,23,1,1
ItalyPowerDemand,TARNet,7,24,1,0
ItalyPowerDemand,TARNet,7,25,0,1
ItalyPowerDemand,TARNet,7,26,0,1
ItalyPowerDemand,TARNet,7,27,1,1
ItalyPowerDemand,TARNet,7,28,0,0
ItalyPowerDemand,TARNet,7,29,0,0
ItalyPowerDemand,TARNet,7,30,1,1
ItalyPowerDemand,TARNet,7,31,0,1
ItalyPowerDemand,TARNet,7,32,0,0
ItalyPowerDemand,TARNet,7,33,0,0
ItalyPowerDemand,TARNet,7,34,0,0
ItalyPowerDemand,TARNet,7,35,0,0
ItalyPowerDemand,TARNet,7,36,0,0
ItalyPowerDemand,TARNet,7,37,0,0
ItalyPowerDemand,TARNet,7,38,1,1
ItalyPowerDemand,TARNet,7,39,0,0
ItalyPowerDemand,TARNet,7,40,0,0
ItalyPowerDemand,TARNet,7,41,1,0
ItalyPowerDemand,TARNet,7,42,1,1
ItalyPowerDemand,TARNet,7,43,0,0
ItalyPowerDemand,TARNet,7,44,0,0
ItalyPowerDemand,TARNet,7,45,1,1
ItalyPowerDemand,TARNet,7,46,1,1
ItalyPowerDemand,TARNet,7,47,1,1
ItalyPowerDemand,TARNet,7,48,0,0
ItalyPowerDemand,TARNet,7,49,0,0
ItalyPowerDemand,TARNet,7,50,1,1
ItalyPowerDemand,TARNet,7,51,0,0
ItalyPowerDemand,TARNet,7,52,1,1
ItalyPowerDemand,TARNet,7,53,0,0
ItalyPowerDemand,TARNet,7,54,0,0
ItalyPowerDemand,TARNet,7,55,1,1
ItalyPowerDemand,TARNet,7,56,0,1
ItalyPowerDemand,TARNet,7,57,1,1
ItalyPowerDemand,TARNet,7,58,0,1
ItalyPowerDemand,TARNet,7,59,1,1
ItalyPowerDemand,TARNet,7,60,1,1
ItalyPowerDemand,TARNet,7,61,0,0
ItalyPowerDemand,TARNet,7,62,1,1
ItalyPowerDemand,TARNet,7,63,0,0
ItalyPowerDemand,TARNet,7,64,1,1
ItalyPowerDemand,TARNet,7,65,1,1
ItalyPowerDemand,TARNet,7,66,0,0
ItalyPowerDemand,TARNet,7,67,1,1
ItalyPowerDemand,TARNet,7,68,0,0
ItalyPowerDemand,TARNet,7,69,1,1
ItalyPowerDemand,TARNet,7,70,0,0
ItalyPowerDemand,TARNet,7,71,1,1
ItalyPowerDemand,TARNet,7,72,0,0
ItalyPowerDemand,TARNet,7,73,0,0
ItalyPowerDemand,TARNet,7,74,1,1
ItalyPowerDemand,TARNet,7,75,1,1
ItalyPowerDemand,TARNet,7,76,0,0
ItalyPowerDemand,TARNet,7,77,0,0
ItalyPowerDemand,TARNet,7,78,1,0
ItalyPowerDemand,TARNet,7,79,1,1
ItalyPowerDemand,TARNet,7,80,0,0
ItalyPowerDemand,TARNet,7,81,0,1
ItalyPowerDemand,TARNet,7,82,0,0
ItalyPowerDemand,TARNet,7,83,1,1
ItalyPowerDemand,TARNet,7,84,0,0
ItalyPowerDemand,TARNet,7,85,1,0
ItalyPowerDemand,TARNet,7,86,1,1
ItalyPowerDemand,TARNet,7,87,1,0
ItalyPowerDemand,TARNet,7,88,0,0
ItalyPowerDemand,TARNet,7,89,0,0
ItalyPowerDemand,TARNet,7,90,0,0
ItalyPowerDemand,TARNet,7,91,1,1
ItalyPowerDemand,TARNet,7,92,1,1
ItalyPowerDemand,TARNet,7,93,1,1
ItalyPowerDemand,TARNet,7,94,0,0
ItalyPowerDemand,TARNet,7,95,0,0
ItalyPowerDemand,TARNet,7,96,1,1
ItalyPowerDemand,TARNet,7,97,1,1
ItalyPowerDemand,TARNet,7,98,0,0
ItalyPowerDemand,TARNet,7,99,1,1
ItalyPowerDemand,TARNet,7,100,0,0
ItalyPowerDemand,TARNet,7,101,1,1
ItalyPowerDemand,TARNet,7,102,1,1
ItalyPowerDemand,TARNet,7,103,1,1
ItalyPowerDemand,TARNet,7,104,1,1
ItalyPowerDemand,TARNet,7,105,0,0
ItalyPowerDemand,TARNet,7,106,0,0
ItalyPowerDemand,TARNet,7,107,1,1
ItalyPowerDemand,TARNet,7,108,1,1
ItalyPowerDemand,TARNet,8,0,1,1
ItalyPowerDemand,TARNet,8,1,1,1
ItalyPowerDemand,TARNet,8,2,1,1
ItalyPowerDemand,TARNet,8,3,0,1
ItalyPowerDemand,TARNet,8,4,1,1
ItalyPowerDemand,TARNet,8,5,0,0
ItalyPowerDemand,TARNet,8,6,1,1
ItalyPowerDemand,TARNet,8,7,1,1
ItalyPowerDemand,TARNet,8,8,1,1
ItalyPowerDemand,TARNet,8,9,0,0
ItalyPowerDemand,TARNet,8,10,1,1
ItalyPowerDemand,TARNet,8,11,1,1
ItalyPowerDemand,TARNet,8,12,0,0
ItalyPowerDemand,TARNet,8,13,0,0
ItalyPowerDemand,TARNet,8,14,1,1
ItalyPowerDemand,TARNet,8,15,1,1
ItalyPowerDemand,TARNet,8,16,1,1
ItalyPowerDemand,TARNet,8,17,1,1
ItalyPowerDemand,TARNet,8,18,1,1
ItalyPowerDemand,TARNet,8,19,1,1
ItalyPowerDemand,TARNet,8,20,1,1
ItalyPowerDemand,TARNet,8,21,1,1
ItalyPowerDemand,TARNet,8,22,1,1
ItalyPowerDemand,TARNet,8,23,0,0
ItalyPowerDemand,TARNet,8,24,0,0
ItalyPowerDemand,TARNet,8,25,1,1
ItalyPowerDemand,TARNet,8,26,1,1
ItalyPowerDemand,TARNet,8,27,1,1
ItalyPowerDemand,TARNet,8,28,1,1
ItalyPowerDemand,TARNet,8,29,0,0
ItalyPowerDemand,TARNet,8,30,0,0
ItalyPowerDemand,TARNet,8,31,0,0
ItalyPowerDemand,TARNet,8,32,0,0
ItalyPowerDemand,TARNet,8,33,1,1
ItalyPowerDemand,TARNet,8,34,0,0
ItalyPowerDemand,TARNet,8,35,0,1
ItalyPowerDemand,TARNet,8,36,0,0
ItalyPowerDemand,TARNet,8,37,0,0
ItalyPowerDemand,TARNet,8,38,0,0
ItalyPowerDemand,TARNet,8,39,0,0
ItalyPowerDemand,TARNet,8,40,0,0
ItalyPowerDemand,TARNet,8,41,0,0
ItalyPowerDemand,TARNet,8,42,0,0
ItalyPowerDemand,TARNet,8,43,1,1
ItalyPowerDemand,TARNet,8,44,0,0
ItalyPowerDemand,TARNet,8,45,0,0
ItalyPowerDemand,TARNet,8,46,1,1
ItalyPowerDemand,TARNet,8,47,0,1
ItalyPowerDemand,TARNet,8,48,1,1
ItalyPowerDemand,TARNet,8,49,0,0
ItalyPowerDemand,TARNet,8,50,0,0
ItalyPowerDemand,TARNet,8,51,0,0
ItalyPowerDemand,TARNet,8,52,1,1
ItalyPowerDemand,TARNet,8,53,0,1
ItalyPowerDemand,TARNet,8,54,0,0
ItalyPowerDemand,TARNet,8,55,0,0
ItalyPowerDemand,TARNet,8,56,1,1
ItalyPowerDemand,TARNet,8,57,0,0
ItalyPowerDemand,TARNet,8,58,1,1
ItalyPowerDemand,TARNet,8,59,0,0
ItalyPowerDemand,TARNet,8,60,1,1
ItalyPowerDemand,TARNet,8,61,0,0
ItalyPowerDemand,TARNet,8,62,1,0
ItalyPowerDemand,TARNet,8,63,1,1
ItalyPowerDemand,TARNet,8,64,0,0
ItalyPowerDemand,TARNet,8,65,1,1
ItalyPowerDemand,TARNet,8,66,1,1
ItalyPowerDemand,TARNet,8,67,0,0
ItalyPowerDemand,TARNet,8,68,1,1
ItalyPowerDemand,TARNet,8,69,1,0
ItalyPowerDemand,TARNet,8,70,0,0
ItalyPowerDemand,TARNet,8,71,1,1
ItalyPowerDemand,TARNet,8,72,1,1
ItalyPowerDemand,TARNet,8,73,0,0
ItalyPowerDemand,TARNet,8,74,1,1
ItalyPowerDemand,TARNet,8,75,0,1
ItalyPowerDemand,TARNet,8,76,0,1
ItalyPowerDemand,TARNet,8,77,0,0
ItalyPowerDemand,TARNet,8,78,0,0
ItalyPowerDemand,TARNet,8,79,1,1
ItalyPowerDemand,TARNet,8,80,0,0
ItalyPowerDemand,TARNet,8,81,1,1
ItalyPowerDemand,TARNet,8,82,0,0
ItalyPowerDemand,TARNet,8,83,0,0
ItalyPowerDemand,TARNet,8,84,1,1
ItalyPowerDemand,TARNet,8,85,1,1
ItalyPowerDemand,TARNet,8,86,0,0
ItalyPowerDemand,TARNet,8,87,1,1
ItalyPowerDemand,TARNet,8,88,0,0
ItalyPowerDemand,TARNet,8,89,0,0
ItalyPowerDemand,TARNet,8,90,0,0
ItalyPowerDemand,TARNet,8,91,0,0
ItalyPowerDemand,TARNet,8,92,1,1
ItalyPowerDemand,TARNet,8,93,1,1
ItalyPowerDemand,TARNet,8,94,1,1
ItalyPowerDemand,TARNet,8,95,0,0
ItalyPowerDemand,TARNet,8,96,1,1
ItalyPowerDemand,TARNet,8,97,1,1
ItalyPowerDemand,TARNet,8,98,0,0
ItalyPowerDemand,TARNet,8,99,0,0
ItalyPowerDemand,TARNet,8,100,1,1
ItalyPowerDemand,TARNet,8,101,0,0
ItalyPowerDemand,TARNet,8,102,0,0
ItalyPowerDemand,TARNet,8,103,0,0
ItalyPowerDemand,TARNet,8,104,0,0
ItalyPowerDemand,TARNet,8,105,0,0
ItalyPowerDemand,TARNet,8,106,0,0
ItalyPowerDemand,TARNet,8,107,0,0
ItalyPowerDemand,TARNet,8,108,1,1
ItalyPowerDemand,TARNet,9,0,0,0
ItalyPowerDemand,TARNet,9,1,0,1
ItalyPowerDemand,TARNet,9,2,0,0
ItalyPowerDemand,TARNet,9,3,0,0
ItalyPowerDemand,TARNet,9,4,1,1
ItalyPowerDemand,TARNet,9,5,1,1
ItalyPowerDemand,TARNet,9,6,0,0
ItalyPowerDemand,TARNet,9,7,1,1
ItalyPowerDemand,TARNet,9,8,0,0
ItalyPowerDemand,TARNet,9,9,0,0
ItalyPowerDemand,TARNet,9,10,1,1
ItalyPowerDemand,TARNet,9,11,1,1
ItalyPowerDemand,TARNet,9,12,0,0
ItalyPowerDemand,TARNet,9,13,0,0
ItalyPowerDemand,TARNet,9,14,0,0
ItalyPowerDemand,TARNet,9,15,1,1
ItalyPowerDemand,TARNet,9,16,0,0
ItalyPowerDemand,TARNet,9,17,0,0
ItalyPowerDemand,TARNet,9,18,0,0
ItalyPowerDemand,TARNet,9,19,1,1
ItalyPowerDemand,TARNet,9,20,1,1
ItalyPowerDemand,TARNet,9,21,0,0
ItalyPowerDemand,TARNet,9,22,1,1
ItalyPowerDemand,TARNet,9,23,1,1
ItalyPowerDemand,TARNet,9,24,1,1
ItalyPowerDemand,TARNet,9,25,1,1
ItalyPowerDemand,TARNet,9,26,1,1
ItalyPowerDemand,TARNet,9,27,0,0
ItalyPowerDemand,TARNet,9,28,0,0
ItalyPowerDemand,TARNet,9,29,0,0
ItalyPowerDemand,TARNet,9,30,0,0
ItalyPowerDemand,TARNet,9,31,1,1
ItalyPowerDemand,TARNet,9,32,0,0
ItalyPowerDemand,TARNet,9,33,1,1
ItalyPowerDemand,TARNet,9,34,1,1
ItalyPowerDemand,TARNet,9,35,0,0
ItalyPowerDemand,TARNet,9,36,0,1
ItalyPowerDemand,TARNet,9,37,0,0
ItalyPowerDemand,TARNet,9,38,1,1
ItalyPowerDemand,TARNet,9,39,1,1
ItalyPowerDemand,TARNet,9,40,0,0
ItalyPowerDemand,TARNet,9,41,0,0
ItalyPowerDemand,TARNet,9,42,0,0
ItalyPowerDemand,TARNet,9,43,1,0
ItalyPowerDemand,TARNet,9,44,1,1
ItalyPowerDemand,TARNet,9,45,1,1
ItalyPowerDemand,TARNet,9,46,1,0
ItalyPowerDemand,TARNet,9,47,1,1
ItalyPowerDemand,TARNet,9,48,1,1
ItalyPowerDemand,TARNet,9,49,0,0
ItalyPowerDemand,TARNet,9,50,1,1
ItalyPowerDemand,TARNet,9,51,1,1
ItalyPowerDemand,TARNet,9,52,1,1
ItalyPowerDemand,TARNet,9,53,1,1
ItalyPowerDemand,TARNet,9,54,0,0
ItalyPowerDemand,TARNet,9,55,1,1
ItalyPowerDemand,TARNet,9,56,1,1
ItalyPowerDemand,TARNet,9,57,1,1
ItalyPowerDemand,TARNet,9,58,0,0
ItalyPowerDemand,TARNet,9,59,1,1
ItalyPowerDemand,TARNet,9,60,1,1
ItalyPowerDemand,TARNet,9,61,1,1
ItalyPowerDemand,TARNet,9,62,0,0
ItalyPowerDemand,TARNet,9,63,0,0
ItalyPowerDemand,TARNet,9,64,1,1
ItalyPowerDemand,TARNet,9,65,1,0
ItalyPowerDemand,TARNet,9,66,1,1
ItalyPowerDemand,TARNet,9,67,0,0
ItalyPowerDemand,TARNet,9,68,0,0
ItalyPowerDemand,TARNet,9,69,1,1
ItalyPowerDemand,TARNet,9,70,0,0
ItalyPowerDemand,TARNet,9,71,1,1
ItalyPowerDemand,TARNet,9,72,0,0
ItalyPowerDemand,TARNet,9,73,0,0
ItalyPowerDemand,TARNet,9,74,1,1
ItalyPowerDemand,TARNet,9,75,1,1
ItalyPowerDemand,TARNet,9,76,1,1
ItalyPowerDemand,TARNet,9,77,0,0
ItalyPowerDemand,TARNet,9,78,0,0
ItalyPowerDemand,TARNet,9,79,1,0
ItalyPowerDemand,TARNet,9,80,0,0
ItalyPowerDemand,TARNet,9,81,1,1
ItalyPowerDemand,TARNet,9,82,0,0
ItalyPowerDemand,TARNet,9,83,0,0
ItalyPowerDemand,TARNet,9,84,0,0
ItalyPowerDemand,TARNet,9,85,1,1
ItalyPowerDemand,TARNet,9,86,1,1
ItalyPowerDemand,TARNet,9,87,1,1
ItalyPowerDemand,TARNet,9,88,0,0
ItalyPowerDemand,TARNet,9,89,0,0
ItalyPowerDemand,TARNet,9,90,1,1
ItalyPowerDemand,TARNet,9,91,1,1
ItalyPowerDemand,TARNet,9,92,1,1
ItalyPowerDemand,TARNet,9,93,0,0
ItalyPowerDemand,TARNet,9,94,0,0
ItalyPowerDemand,TARNet,9,95,0,0
ItalyPowerDemand,TARNet,9,96,1,0
ItalyPowerDemand,TARNet,9,97,0,0
ItalyPowerDemand,TARNet,9,98,0,0
ItalyPowerDemand,TARNet,9,99,0,0
ItalyPowerDemand,TARNet,9,100,1,1
ItalyPowerDemand,TARNet,9,101,1,1
ItalyPowerDemand,TARNet,9,102,1,1
ItalyPowerDemand,TARNet,9,103,0,0
ItalyPowerDemand,TARNet,9,104,1,1
ItalyPowerDemand,TARNet,9,105,1,1
ItalyPowerDemand,TARNet,9,106,0,0
ItalyPowerDemand,TARNet,9,107,1,1
ItalyPowerDemand,TARNet,9,108,1,1
ItalyPowerDemand,TARNet,10,0,0,0
ItalyPowerDemand,TARNet,10,1,1,1
ItalyPowerDemand,TARNet,10,2,0,0
ItalyPowerDemand,TARNet,10,3,0,0
ItalyPowerDemand,TARNet,10,4,0,0
ItalyPowerDemand,TARNet,10,5,0,0
ItalyPowerDemand,TARNet,10,6,0,0
ItalyPowerDemand,TARNet,10,7,0,0
ItalyPowerDemand,TARNet,10,8,0,0
ItalyPowerDemand,TARNet,10,9,1,1
ItalyPowerDemand,TARNet,10,10,0,0
ItalyPowerDemand,TARNet,10,11,1,1
ItalyPowerDemand,TARNet,10,12,0,0
ItalyPowerDemand,TARNet,10,13,0,0
ItalyPowerDemand,TARNet,10,14,1,1
ItalyPowerDemand,TARNet,10,15,0,0
ItalyPowerDemand,TARNet,10,16,0,0
ItalyPowerDemand,TARNet,10,17,0,0
ItalyPowerDemand,TARNet,10,18,1,1
ItalyPowerDemand,TARNet,10,19,1,1
ItalyPowerDemand,TARNet,10,20,0,0
ItalyPowerDemand,TARNet,10,21,0,0
ItalyPowerDemand,TARNet,10,22,0,1
ItalyPowerDemand,TARNet,10,23,0,0
ItalyPowerDemand,TARNet,10,24,1,1
ItalyPowerDemand,TARNet,10,25,0,0
ItalyPowerDemand,TARNet,10,26,0,0
ItalyPowerDemand,TARNet,10,27,0,0
ItalyPowerDemand,TARNet,10,28,0,0
ItalyPowerDemand,TARNet,10,29,1,1
ItalyPowerDemand,TARNet,10,30,1,1
ItalyPowerDemand,TARNet,10,31,1,1
ItalyPowerDemand,TARNet,10,32,0,1
ItalyPowerDemand,TARNet,10,33,1,1
ItalyPowerDemand,TARNet,10,34,0,0
ItalyPowerDemand,TARNet,10,35,1,1
ItalyPowerDemand,TARNet,10,36,1,1
ItalyPowerDemand,TARNet,10,37,1,1
ItalyPowerDemand,TARNet,10,38,0,0
ItalyPowerDemand,TARNet,10,39,1,1
ItalyPowerDemand,TARNet,10,40,0,0
ItalyPowerDemand,TARNet,10,41,1,1
ItalyPowerDemand,TARNet,10,42,1,1
ItalyPowerDemand,TARNet,10,43,1,1
ItalyPowerDemand,TARNet,10,44,0,0
ItalyPowerDemand,TARNet,10,45,1,1
ItalyPowerDemand,TARNet,10,46,0,0
ItalyPowerDemand,TARNet,10,47,1,1
ItalyPowerDemand,TARNet,10,48,0,1
ItalyPowerDemand,TARNet,10,49,0,0
ItalyPowerDemand,TARNet,10,50,0,0
ItalyPowerDemand,TARNet,10,51,1,1
ItalyPowerDemand,TARNet,10,52,1,1
ItalyPowerDemand,TARNet,10,53,0,0
ItalyPowerDemand,TARNet,10,54,0,1
ItalyPowerDemand,TARNet,10,55,1,1
ItalyPowerDemand,TARNet,10,56,1,1
ItalyPowerDemand,TARNet,10,57,1,1
ItalyPowerDemand,TARNet,10,58,1,1
ItalyPowerDemand,TARNet,10,59,0,0
ItalyPowerDemand,TARNet,10,60,1,1
ItalyPowerDemand,TARNet,10,61,1,1
ItalyPowerDemand,TARNet,10,62,1,1
ItalyPowerDemand,TARNet,10,63,0,0
ItalyPowerDemand,TARNet,10,64,0,0
ItalyPowerDemand,TARNet,10,65,0,1
ItalyPowerDemand,TARNet,10,66,1,1
ItalyPowerDemand,TARNet,10,67,0,0
ItalyPowerDemand,TARNet,10,68,1,1
ItalyPowerDemand,TARNet,10,69,0,0
ItalyPowerDemand,TARNet,10,70,1,1
ItalyPowerDemand,TARNet,10,71,0,1
ItalyPowerDemand,TARNet,10,72,1,1
ItalyPowerDemand,TARNet,10,73,0,0
ItalyPowerDemand,TARNet,10,74,0,0
ItalyPowerDemand,TARNet,10,75,0,1
ItalyPowerDemand,TARNet,10,76,0,0
ItalyPowerDemand,TARNet,10,77,0,0
ItalyPowerDemand,TARNet,10,78,0,1
ItalyPowerDemand,TARNet,10,79,0,0
ItalyPowerDemand,TARNet,10,80,1,1
ItalyPowerDemand,TARNet,10,81,1,1
ItalyPowerDemand,TARNet,10,82,1,1
ItalyPowerDemand,TARNet,10,83,1,1
ItalyPowerDemand,TARNet,10,84,1,1
ItalyPowerDemand,TARNet,10,85,1,1
ItalyPowerDemand,TARNet,10,86,0,0
ItalyPowerDemand,TARNet,10,87,1,1
ItalyPowerDemand,TARNet,10,88,0,0
ItalyPowerDemand,TARNet,10,89,0,0
ItalyPowerDemand,TARNet,10,90,0,1
ItalyPowerDemand,TARNet,10,91,0,0
ItalyPowerDemand,TARNet,10,92,0,0
ItalyPowerDemand,TARNet,10,93,1,0
ItalyPowerDemand,TARNet,10,94,0,0
ItalyPowerDemand,TARNet,10,95,1,1
ItalyPowerDemand,TARNet,10,96,0,0
ItalyPowerDemand,TARNet,10,97,0,0
ItalyPowerDemand,TARNet,10,98,0,0
ItalyPowerDemand,TARNet,10,99,1,1
ItalyPowerDemand,TARNet,10,100,1,1
ItalyPowerDemand,TARNet,10,101,0,0
ItalyPowerDemand,TARNet,10,102,0,1
ItalyPowerDemand,TARNet,10,103,1,1
ItalyPowerDemand,TARNet,10,104,0,0
ItalyPowerDemand,TARNet,10,105,1,1
ItalyPowerDemand,TARNet,10,106,0,0
ItalyPowerDemand,TARNet,10,107,0,0
ItalyPowerDemand,TARNet,10,108,0,0
Plane,TARNet,1,0,4,4
Plane,TARNet,1,1,5,5
Plane,TARNet,1,2,6,6
Plane,TARNet,1,3,3,3
Plane,TARNet,1,4,0,0
Plane,TARNet,1,5,0,0
Plane,TARNet,1,6,4,4
Plane,TARNet,1,7,1,1
Plane,TARNet,1,8,0,1
Plane,TARNet,1,9,4,4
Plane,TARNet,1,10,1,1
Plane,TARNet,1,11,2,2
Plane,TARNet,1,12,6,6
Plane,TARNet,1,13,0,0
Plane,TARNet,1,14,2,2
Plane,TARNet,1,15,5,5
Plane,TARNet,1,16,3,3
Plane,TARNet,1,17,2,2
Plane,TARNet,1,18,6,6
Plane,TARNet,1,19,5,5
Plane,TARNet,1,20,3,3
Plane,TARNet,2,0,0,1
Plane,TARNet,2,1,2,2
Plane,TARNet,2,2,4,4
Plane,TARNet,2,3,4,4
Plane,TARNet,2,4,6,6
Plane,TARNet,2,5,0,1
Plane,TARNet,2,6,0,0
Plane,TARNet,2,7,6,6
Plane,TARNet,2,8,3,3
Plane,TARNet,2,9,1,1
Plane,TARNet,2,10,2,2
Plane,TARNet,2,11,0,0
Plane,TARNet,2,12,5,5
Plane,TARNet,2,13,5,5
Plane,TARNet,2,14,3,3
Plane,TARNet,2,15,2,5
Plane,TARNet,2,16,0,4
Plane,TARNet,2,17,6,6
Plane,TARNet,2,18,0,0
Plane,TARNet,2,19,2,2
Plane,TARNet,2,20,3,3
Plane,TARNet,3,0,2,2
Plane,TARNet,3,1,3,3
Plane,TARNet,3,2,5,5
Plane,TARNet,3,3,3,3
Plane,TARNet,3,4,2,2
Plane,TARNet,3,5,6,6
Plane,TARNet,3,6,5,5
Plane,TARNet,3,7,1,1
Plane,TARNet,3,8,6,6
Plane,TARNet,3,9,2,2
Plane,TARNet,3,10,5,5
Plane,TARNet,3,11,1,1
Plane,TARNet,3,12,1,0
Plane,TARNet,3,13,4,4
Plane,TARNet,3,14,0,0
Plane,TARNet,3,15,3,3
Plane,TARNet,3,16,4,4
Plane,TARNet,3,17,1,0
Plane,TARNet,3,18,1,1
Plane,TARNet,3,19,4,4
Plane,TARNet,3,20,3,6
Plane,TARNet,4,0,6,6
Plane,TARNet,4,1,2,2
Plane,TARNet,4,2,6,6
Plane,TARNet,4,3,0,0
Plane,TARNet,4,4,2,2
Plane,TARNet,4,5,5,5
Plane,TARNet,4,6,4,4
Plane,TARNet,4,7,1,1
Plane,TARNet,4,8,6,6
Plane,TARNet,4,9,3,3
Plane,TARNet,4,10,1,1
Plane,TARNet,4,11,3,3
Plane,TARNet,4,12,5,5
Plane,TARNet,4,13,1,1
Plane,TARNet,4,14,5,5
Plane,TARNet,4,15,2,0
Plane,TARNet,4,16,2,2
Plane,TARNet,4,17,4,4
Plane,TARNet,4,18,0,0
Plane,TARNet,4,19,3,3
Plane,TARNet,4,20,4,4
Plane,TARNet,5,0,6,6
Plane,TARNet,5,1,4,4
Plane,TARNet,5,2,1,1
Plane,TARNet,5,3,1,1
Plane,TARNet,5,4,1,0
Plane,TARNet,5,5,5,5
Plane,TARNet,5,6,5,5
Plane,TARNet,5,7,4,4
Plane,TARNet,5,8,5,5
Plane,TARNet,5,9,3,3
Plane,TARNet,5,10,0,0
Plane,TARNet,5,11,2,2
Plane,TARNet,5,12,2,2
Plane,TARNet,5,13,4,4
Plane,TARNet,5,14,3,3
Plane,TARNet,5,15,0,1
Plane,TARNet,5,16,0,0
Plane,TARNet,5,17,6,6
Plane,TARNet,5,18,3,3
Plane,TARNet,5,19,6,6
Plane,TARNet,5,20,2,2
Plane,TARNet,6,0,3,3
Plane,TARNet,6,1,4,4
Plane,TARNet,6,2,6,6
Plane,TARNet,6,3,5,5
Plane,TARNet,6,4,6,6
Plane,TARNet,6,5,1,1
Plane,TARNet,6,6,2,2
Plane,TARNet,6,7,3,3
Plane,TARNet,6,8,5,5
Plane,TARNet,6,9,2,2
Plane,TARNet,6,10,1,1
Plane,TARNet,6,11,0,0
Plane,TARNet,6,12,2,2
Plane,TARNet,6,13,0,0
Plane,TARNet,6,14,0,0
Plane,TARNet,6,15,1,1
Plane,TARNet,6,16,5,5
Plane,TARNet,6,17,4,4
Plane,TARNet,6,18,3,3
Plane,TARNet,6,19,4,4
Plane,TARNet,6,20,6,6
Plane,TARNet,7,0,4,4
Plane,TARNet,7,1,2,2
Plane,TARNet,7,2,0,0
Plane,TARNet,7,3,3,3
Plane,TARNet,7,4,5,6
Plane,TARNet,7,5,6,6
Plane,TARNet,7,6,5,5
Plane,TARNet,7,7,3,3
Plane,TARNet,7,8,1,1
Plane,TARNet,7,9,1,1
Plane,TARNet,7,10,5,5
Plane,TARNet,7,11,0,0
Plane,TARNet,7,12,5,5
Plane,TARNet,7,13,2,2
Plane,TARNet,7,14,1,1
Plane,TARNet,7,15,4,4
Plane,TARNet,7,16,2,2
Plane,TARNet,7,17,4,4
Plane,TARNet,7,18,6,6
Plane,TARNet,7,19,3,3
Plane,TARNet,7,20,0,0
Plane,TARNet,8,0,3,3
Plane,TARNet,8,1,2,2
Plane,TARNet,8,2,3,3
Plane,TARNet,8,3,4,4
Plane,TARNet,8,4,3,3
Plane,TARNet,8,5,0,0
Plane,TARNet,8,6,4,4
Plane,TARNet,8,7,2,2
Plane,TARNet,8,8,0,0
Plane,TARNet,8,9,5,5
Plane,TARNet,8,10,0,1
Plane,TARNet,8,11,1,1
Plane,TARNet,8,12,6,6
Plane,TARNet,8,13,6,6
Plane,TARNet,8,14,2,2
Plane,TARNet,8,15,0,1
Plane,TARNet,8,16,4,4
Plane,TARNet,8,17,0,0
Plane,TARNet,8,18,6,6
Plane,TARNet,8,19,5,5
Plane,TARNet,8,20,5,5
Plane,TARNet,9,0,6,6
Plane,TARNet,9,1,3,3
Plane,TARNet,9,2,1,1
Plane,TARNet,9,3,5,5
Plane,TARNet,9,4,0,0
Plane,TARNet,9,5,1,1
Plane,TARNet,9,6,5,5
Plane,TARNet,9,7,4,4
Plane,TARNet,9,8,6,6
Plane,TARNet,9,9,2,2
Plane,TARNet,9,10,2,0
Plane,TARNet,9,11,4,4
Plane,TARNet,9,12,3,3
Plane,TARNet,9,13,1,1
Plane,TARNet,9,14,4,4
Plane,TARNet,9,15,0,0
Plane,TARNet,9,16,6,5
Plane,TARNet,9,17,2,2
Plane,TARNet,9,18,6,6
Plane,TARNet,9,19,2,2
Plane,TARNet,9,20,3,3
Plane,TARNet,10,0,3,3
Plane,TARNet,10,1,3,3
Plane,TARNet,10,2,1,1
Plane,TARNet,10,3,3,3
Plane,TARNet,10,4,2,2
Plane,TARNet,10,5,6,6
Plane,TARNet,10,6,2,2
Plane,TARNet,10,7,5,5
Plane,TARNet,10,8,4,4
Plane,TARNet,10,9,5,5
Plane,TARNet,10,10,4,4
Plane,TARNet,10,11,0,0
Plane,TARNet,10,12,6,6
Plane,TARNet,10,13,5,5
Plane,TARNet,10,14,1,1
Plane,TARNet,10,15,4,4
Plane,TARNet,10,16,6,6
Plane,TARNet,10,17,1,1
Plane,TARNet,10,18,0,0
Plane,TARNet,10,19,0,0
Plane,TARNet,10,20,2,2
